id;username;nama;alamat;password;role
A001;admin;Test Admin;Secret;8c7179de87d08141bc86eaca3d0129afa5ac563ec5ebfd51bfc7f86edbe53d78;admin
A002;Walker138;Dave Walker;Admin St. No.2, Imaginary Country;8f00363417da1636b642e36ea6888ad1125cb76c61b16b90fc95afeeb08cc0e4;admin
A003;Sullivan33055;Randal Sullivan;Admin St. No.3, Imaginary Country;a804389b1fb3af4575fa74c8e70a8f53fa505cd7c785bb3e103bfe9a5203f989;admin
A004;Davis34069;Zaccheus Davis;Admin St. No.4, Imaginary Country;c2a2a1402fafbbcc38e74fddc3cacd6ebe0d9486e79bc9d928b4137769285529;admin
A005;Dave46586;Dave Gibson;Admin St. No.5, Imaginary Country;3c4e4e886540427efb29d4bf4b48e8e21a3f74ad142671622eeb22e2d0e9b5c;admin
A006;Zimmerman27727;Katnis E. Zimmerman;Admin St. No.6, Imaginary Country;ba1bc3cd213a15bcc039ca7b4c062a92abe98b9879b71ae6bc6921cbb33cbaeb;admin
A007;Courtney86177;Courtney P. Brooks;Admin St. No.7, Imaginary Country;199b76fcd4c17838d01cddea6f4473c817a906219038bcc0d21b3f2efde95e7f;admin
A008;Pace15778;Nobita Pace;Admin St. No.8, Imaginary Country;1c40352fe48a576a83c9ee6a316c86b93fd52a0f46da6fca9c9a9ab56ba7250a;admin
A009;Randal44586;Randal Robinson;Admin St. No.9, Imaginary Country;55208787344ae69f2f38c3525fc9570aa40794a3b0f84eb16909b6c1166a8015;admin
A010;Ufford53952;Ethan Ufford;Admin St. No.10, Imaginary Country;df93fa7f719cd2ee8ede64f2f9ce804b5fc3a9e3b58f7363b4197ae2104e4cd;admin
A011;Nobita67699;Nobita A. Miller;Admin St. No.11, Imaginary Country;6ebd47da1716d991fb6bbaa7b7a97d673d12afb8de5837410461a4d83dd61a1;admin
A012;Yaleman56265;Dave Yaleman;Admin St. No.12, Imaginary Country;75103b9b68a829496ec2316137ef57543b72000509836fe2d846266afd46831;admin
A013;Faris32630;Faris Harrison;Admin St. No.13, Imaginary Country;b7dfffae46d20b645e0e800df0f4cf92fc4b5009504141ec75a18563fa0c9cb5;admin
A014;Collins2009;Zaccheus S. Collins;Admin St. No.14, Imaginary Country;7837f0dd2b1be74f43ef69b658563b2ea1bb7e7190098e75aad8724af43ffd94;admin
A015;Zimmerman96698;Ethan Zimmerman;Admin St. No.15, Imaginary Country;cdc48e905040cf47e491f5b921077b4d1ee0fe45124ad8e8228eef74f5dfea23;admin
U001;Ursula96236;Ursula F. Walker;User St. No.1, Imaginary Country;e8595c36335d6c9345ca8dac71a604cec37b0e916b955195cd8e525fab73f8f;user
U002;Jean79111;Jean Pace;User St. No.2, Imaginary Country;9861370f36b3c3d94bbf5a1177450d364144559731774039888e928a59e8ea67;user
U003;Xenos44971;Zaccheus Xenos;User St. No.3, Imaginary Country;dfc76bb3f8511524c42bc1e5f256be53a535b54bcc76b2b7966f509cd78daad4;user
U004;Quake65479;Quake Valdez;User St. No.4, Imaginary Country;3dda4ba4ad49903edeb5cd634832ab42545ac903379a96294ec9d9f4940badd;user
U005;Katnis49585;Katnis Xenos;User St. No.5, Imaginary Country;b47550ce4241f3d4a95de00c17f689a0c3ed78bbd5f025b1fbf6f030b7d19e6e;user
U006;Ethan14696;Ethan B. Sullivan;User St. No.6, Imaginary Country;3abb03a1317b30230d8e717f59997a447e6f0f90bc3676d00773a76c8d6aa9;user
U007;Courtney56238;Courtney Zimmerman;User St. No.7, Imaginary Country;d4bb6dadad6bc57ff6c01e417685fb5af16ae34a9e03b4c6f4582587a4e8ebb9;user
U008;Sven21481;Sven Davis;User St. No.8, Imaginary Country;ae5dea9566e4173991646548ddd4985c722bbd22b08ffe24bcf6c8ac5dfe8c20;user
U009;George79878;George Valdez;User St. No.9, Imaginary Country;46ff4e928832c3bb94423b55123a0edeb5213086745412555685d2dae7a1b7c;user
U010;Jean90711;Jean Taylor;User St. No.10, Imaginary Country;b51aac80ed00e190266efeb66bc0d401d30a73a7d42c28cd822b957850106;user
U011;Victoria65767;Victoria Nichols;User St. No.11, Imaginary Country;75b0b1f36b95ed11d12b085afd2f5ad8862b460c7688b449ded52ff7de7090ef;user
U012;Quake86347;Quake K. Pace;User St. No.12, Imaginary Country;ec9687073c3776f9b701bf0ddcf54be8ce9d477c94e0d308b9b2023c45fb5abe;user
U013;Xander43155;Xander Ufford;User St. No.13, Imaginary Country;605976d9c0123678ec86c2ca9a0e624e5725f4e48eb5920c712b4e4da8477ef0;user
U014;Zimmerman27280;Hamilton Zimmerman;User St. No.14, Imaginary Country;73549fed94b0bb2b428f77eaf0d9a12adcb8c53a2822ca035c541345213a5336;user
U015;Ophelia9217;Ophelia A. Owens;User St. No.15, Imaginary Country;cd98d4e7a6171122f9bfec71c885f61e150c36a6e165fd8a70417ce47aff9890;user
U016;Davis23955;Courtney Davis;User St. No.16, Imaginary Country;9d65d4e13cf54afa6909a94cda71fb693604feba5b9ae596ba789ee242bded23;user
U017;Victoria97802;Victoria Q. Brooks;User St. No.17, Imaginary Country;a9683b8bba27f906d37c274af7e99d73137d3ac2f769b6c6b1ed5c0aeb80f4;user
U018;Collins84103;Ursula I. Collins;User St. No.18, Imaginary Country;5e31837f6cd013542f199126622767037699ec0ebca960bad446865d93e90e1b;user
U019;Ethan85492;Ethan Gibson;User St. No.19, Imaginary Country;ff99f46c8e5dab81983fe96131e5f0db47012ab610e7f105805149de55a8e9d7;user
U020;Ophelia4278;Ophelia Xenos;User St. No.20, Imaginary Country;84458e98b0b3727659fe535fe488202bf4d8d0c7b16b13c46451b008c1607488;user
U021;Johnson97359;Ava Johnson;User St. No.21, Imaginary Country;a937d0ef3a0e6dbfdbe1c03785b104be6907f6b57164bd1bbcffd6df9af227d;user
U022;Nichols23554;Katnis B. Nichols;User St. No.22, Imaginary Country;771224886aa695714c78060af3577836f7ab90cc56e562dc4c361feee6da6ad6;user
U023;William12395;William U. Edwards;User St. No.23, Imaginary Country;6a515aeb2644b993166fb6d36b483fa77a40ca8b3d2a1952cf4bed5bad49ae5;user
U024;Nichols80051;Nobita Nichols;User St. No.24, Imaginary Country;94b7c4069b0fad01a0253e2f7a213a21c29d34552bcbaf647820d86d807071ad;user
U025;Ufford7792;Randal N. Ufford;User St. No.25, Imaginary Country;74a36c0ae6479a296dd278f56ed9b007e306f560e8323a0c94880d9f49cf03e3;user
U026;Ava82847;Ava A. Valdez;User St. No.26, Imaginary Country;ea20136473a60dde9cac107df20b6d89ec004c7a7c8ef06b89d199a4f24dfa5a;user
U027;Davis38139;Ignis Davis;User St. No.27, Imaginary Country;6969491f13eb7b8cbfa8e712fbfb3b6ae0a577d73197bfc987c0e601818eca1f;user
U028;Zaccheus37311;Zaccheus Nichols;User St. No.28, Imaginary Country;2de499bb5eabc37c7e3dee21bc5d6a4a816e0d13b3840be5b1ca742c1f3d584;user
U029;Lewis77792;George Lewis;User St. No.29, Imaginary Country;937c66024d1009552c36a0d39c87f1803ff950d5446dd6fade617d80c4b9cab6;user
U030;Courtney15634;Courtney Sullivan;User St. No.30, Imaginary Country;c6c75bb8882bebaf7338eafb4ffc8fa56d7592f3cabb4995dea668bd451dbe52;user
U031;George11441;George Johnson;User St. No.31, Imaginary Country;9ecf07edebf07f3ed2517b33d67e1f5eef5e96d8e0761887216d4e298a42fb;user
U032;William5245;William Adams;User St. No.32, Imaginary Country;24356cba4731bdd0e28ab89ee6147739f6927ba5a967725e44455c38956c17e5;user
U033;Taylor6568;Katnis Taylor;User St. No.33, Imaginary Country;97428843bfd3d12169ddb773cdc4bccc5ec692d8ddf9f124fbf553c11efc0e5a;user
U034;George3349;George A. Harrison;User St. No.34, Imaginary Country;fb0a6c8832b521327477e9f7516ad27cea34cadf635787ade3f8c8102b3732c7;user
U035;Miller91327;Jean Miller;User St. No.35, Imaginary Country;35b93bf9e857197c2f3b1275a79413b06d751bd7332289b1f84ca479173429b6;user
U036;Owens20022;Randal Owens;User St. No.36, Imaginary Country;84ebb29e7f341a601580e070ffec6c759d44138d7e0ccc22a6559ac65fb65d6c;user
U037;Taylor71047;Zaccheus Taylor;User St. No.37, Imaginary Country;5767cc1e867ee033f1ed979827d5b9982117356d7c7176ab8a21415482809ec2;user
U038;Katnis28290;Katnis Collins;User St. No.38, Imaginary Country;3bae63e8eb207586798c24e703e316acfe577fdf29edca97111cea3232d0614;user
U039;Jean5423;Jean Kennedy;User St. No.39, Imaginary Country;647a58e71c891aa18212815f3378dd1295ce5f84c0254b81711a7de7d1c838c7;user
U040;Laetitia37839;Laetitia Robinson;User St. No.40, Imaginary Country;acbc6974ffb0db6ba6ec5ea7783ceddd4043b34265e606df7bcb35c157c4237b;user
U041;Collins24776;Maureen Collins;User St. No.41, Imaginary Country;78a39e88d5ddfc08326796b2a84ba8a35f7d9c633619f7c34ce5b631566929c;user
U042;Ophelia73369;Ophelia U. Edwards;User St. No.42, Imaginary Country;9da8f6498f13b31c23f65b893a273fe8123382b6ddc6776045ab4caccfbf06dd;user
U043;Ignis29056;Ignis Xenos;User St. No.43, Imaginary Country;bb22eace62c8d9bf9c7dc33d128dc24845036d0da6023255e5ed5866429a5909;user
U044;Nobita74741;Nobita Ufford;User St. No.44, Imaginary Country;6384e15b5819f3c34eb1e1e4b0cdcda644003d92dd12a85f133b3785f489b84a;user
U045;Maureen1761;Maureen F. Gibson;User St. No.45, Imaginary Country;4219a87fb2209d5814d579dffeaaee7148491288b86cb33f84b60c96c665c0;user
U046;Freeman37339;Maureen Freeman;User St. No.46, Imaginary Country;74710dd0c89072acc202cfc4ecff20ba37fe22fcedde804b11613c2c939ab1c;user
U047;Owens26346;Beatrice S. Owens;User St. No.47, Imaginary Country;a3f1921a9c0398f5a9db87fd4ccd545f18d58d33d45431bb2a05086e582b6076;user
U048;Pace98464;Hamilton Pace;User St. No.48, Imaginary Country;810abc3a2ff2f96841e63f66f953c66224a1f0349f9882a24dca2ec891513fbe;user
U049;Nichols41747;Dave B. Nichols;User St. No.49, Imaginary Country;be5b84a69352dd4450ea81def9c893861e9d697c3b8dd49025d30b9d87afc930;user
U050;Miller9702;George C. Miller;User St. No.50, Imaginary Country;4d327394e17d6c65f4212ccfe74b9b9329aaa0b2f040e5516d6e3decea5eaf77;user
U051;Valdez29612;Ethan S. Valdez;User St. No.51, Imaginary Country;96bb604b658d14e075487a73ee7f6b92ce4c2f1e9600e5f5704af873a4d46963;user
U052;Freeman48017;George Freeman;User St. No.52, Imaginary Country;620f8ef0d76f4a16ffa0ee3775b26077ae3b8e1d2ca2874c3fe7cdbb8dc83fb2;user
U053;Ufford94629;Priscilla I. Ufford;User St. No.53, Imaginary Country;57666e86beb5b805dcac4bfa299f6cf7e0dd2c6bdb95ea38ecdf3da45331c049;user
U054;George36750;George Edwards;User St. No.54, Imaginary Country;77e42b8561391fba20edef58b3dcdcfdfe15f4b31f530f85a5d70ddedc3315;user
U055;George37589;George Miller;User St. No.55, Imaginary Country;2b0493f5e47ecd6550daa3c72dbcfad2b9aa5a3d884886527f2ac5968a711f6e;user
U056;William61641;William Harrison;User St. No.56, Imaginary Country;94e0ef8ec87ff8f0a855d1b6ee3ae3277a4287239b13527dc3c5ff34c133caf1;user
U057;Maureen38776;Maureen R. Edwards;User St. No.57, Imaginary Country;844f0efaea81f920d4b5892c27df9d556789017dd1ac0ac21979c735ff9a318f;user
U058;Ursula48169;Ursula Xenos;User St. No.58, Imaginary Country;1c9f653f82b6b8220022ab0ad444fdbf55fffc6b9249f55509f8189baa409;user
U059;Maureen91136;Maureen Walker;User St. No.59, Imaginary Country;dca8a186ea45840d5df9cef2fccf4f645e342d2997d19e623a600b9fa0e06c0;user
U060;Priscilla90879;Priscilla Edwards;User St. No.60, Imaginary Country;4574f3eeb5b8fd5d120e0172b00aafdf932295eee7378859476662001f13e654;user
U061;William22627;William Miller;User St. No.61, Imaginary Country;1cae274ee4259b815e353089bfaab8aef42a4a9cd82f618e0f31441f8c777e2;user
U062;Freeman59462;Maureen N. Freeman;User St. No.62, Imaginary Country;6e88621090d71340908de9462b61124ca9ccabfbba80449210c0514bc6e15ff8;user
U063;Irving52039;Laetitia C. Irving;User St. No.63, Imaginary Country;5a8afc9c30cc20b7e477a4993bc17f2be35d239eaced6675170aaf9cdcf769b0;user
U064;Kennedy61511;Priscilla Kennedy;User St. No.64, Imaginary Country;96c93cedc6d01c83c518465c65e55351e8213edb7af956e6343d5c53f7cccc87;user
U065;Sven98301;Sven R. Miller;User St. No.65, Imaginary Country;74a76c455efed6cef3e35dab45dfff7d5943779ee1d9ccff3d5a67a66a6495;user
U066;Freeman26995;Katnis Freeman;User St. No.66, Imaginary Country;7929cd0dccc2d6c0cf6e0f73810a7665a12b5517926fcfe5754ec997e7f8414;user
U067;Collins55304;Ethan N. Collins;User St. No.67, Imaginary Country;d155238d322e48e79a579b59b82e268ecdc2d33d5f0bc09d6b40f2921490b4f;user
U068;Walker76836;Ophelia Walker;User St. No.68, Imaginary Country;6edd146b9de0b9c72af9b1828609b602ce044aa5313a221b7f873bd8e2f831e9;user
U069;Xander45553;Xander Owens;User St. No.69, Imaginary Country;3ac1133465e834b9a4b9e2dee0386f47a7306b9430e21af2a95a293bd8d385ef;user
U070;Kennedy98558;Sven Kennedy;User St. No.70, Imaginary Country;8e35f3eadb20935861a4e9fa8f6a52c8eb60ea96c53d32c565e2b5196ee942f;user
U071;Zimmerman73965;Yaeger Zimmerman;User St. No.71, Imaginary Country;640508b734312dd370cd4eb0973f7199b769c9c57d13d102db4946b71a4a72fc;user
U072;Randal43809;Randal O. Nichols;User St. No.72, Imaginary Country;196059045ad4140213150b705535f91aa0c405e465bef567f67a1e323f956e21;user
U073;Nobita72994;Nobita Owens;User St. No.73, Imaginary Country;66b1ecb8b5fba1177b775bd5d82bbb0ae1f28d5a845ac494ecf349a87703eaa;user
U074;Brooks14866;Ophelia Brooks;User St. No.74, Imaginary Country;f430818d16b4f32ec1e8b1fccf801c3f662716fe9b523fe463cbd8b2f53484cd;user
U075;Pace81447;William M. Pace;User St. No.75, Imaginary Country;b8a7668548531ee24904b849d758479d1f8c0260b7155d63551259374f078bc6;user
U076;Nichols86992;Ophelia Nichols;User St. No.76, Imaginary Country;74abc1962cdeebc8d3479569f3de1da255516a355128984b61168c2a660cb301;user
U077;Edwards33341;Ethan Edwards;User St. No.77, Imaginary Country;99a0e74775d65d54caedef093c44ac717e10ff195182be79c6e31deeccdb4dc;user
U078;Ava32201;Ava Lewis;User St. No.78, Imaginary Country;c72c0667afdf0362d5bcf56bdbf6195a7d7adacb4a2af0144a75f819b617d67;user
U079;Brooks44034;Beatrice Brooks;User St. No.79, Imaginary Country;657eb7208802f79cd84e25dbca37eeeabd4edfc683f62ef222c17ff5c47fb628;user
U080;Harrison96280;Sven Harrison;User St. No.80, Imaginary Country;3183642155e3266353f5b1261ef225c5ef31410be4b17375c67cb6baa759941;user
U081;Zaccheus1070;Zaccheus T. Adams;User St. No.81, Imaginary Country;2e80649b7bc0be67a66ce007be30d7e48ef51eb8f3151fd3ca929ac9c96fa4;user
U082;Maureen61594;Maureen Robinson;User St. No.82, Imaginary Country;aab6b2d451ae723670297c9717f62c489515417e87d6f588b9f68b9539bb77b8;user
U083;Ethan80248;Ethan Johnson;User St. No.83, Imaginary Country;a64e566de238b6a56d6d480fabbf11be5045225db80d031909527cda131e567;user
U084;Beatrice34348;Beatrice Walker;User St. No.84, Imaginary Country;2b136fb6e952ea998efc3bb2c678c91ea10b1da2989b205105f3dacaab08174;user
U085;Sullivan59816;George Sullivan;User St. No.85, Imaginary Country;53220b377d2d20504cca23d81563c0df37d868e5d1e30da82ef1b412cc296ad9;user
U086;Irving1090;Beatrice Irving;User St. No.86, Imaginary Country;d3a4affac65207fc802cf053e649c878dcd67814a9d88058f6ac15ebe9a89b3;user
U087;William5095;William Sullivan;User St. No.87, Imaginary Country;99a4320d4ecd855c2bfb8249dfe69447de7c2b2d785a45349e2f28ca2bef94b;user
U088;Gibson27599;Yaeger Gibson;User St. No.88, Imaginary Country;6452f09fa03ff273ce410b5eb6ba0b5ca9057034dce3c6d7a8e8e373bafc4ca1;user
U089;Freeman13683;Sven Freeman;User St. No.89, Imaginary Country;a2359bceb99afbce674a3180748169fdb9cf05d4a245cf9c7e477a44770e49b9;user
U090;Katnis74454;Katnis Irving;User St. No.90, Imaginary Country;b5ab8e86211deed7fdb96542a4c593ce417a2c5c8e1a614d5c7c8435547ca6;user
U091;Ufford78209;Jean Ufford;User St. No.91, Imaginary Country;b9a9fb83bd385c6744d6958b287d8f0791dc0843f103d000996b01361e42d085;user
U092;Valdez47424;Laetitia Valdez;User St. No.92, Imaginary Country;bacdb90249c905fbb0215c52d995b734b1e9e12b85ed89c0bea823d272c9f97d;user
U093;Johnson90489;Hamilton Johnson;User St. No.93, Imaginary Country;3b024a56b522015af6eff8e4583aeceb3abd2a12a63e16ea9be336d49253baad;user
U094;Kennedy50088;Ophelia Kennedy;User St. No.94, Imaginary Country;dde402e3b236c1c1175c6a887af969da4436cd8461b991c3ba313ce211c86f4d;user
U095;Hamilton85885;Hamilton Owens;User St. No.95, Imaginary Country;7fac245d6797c7d917fe7ca2a8fc509c4f37d706145fb6748916eecc3bcf9007;user
U096;Courtney97974;Courtney Pace;User St. No.96, Imaginary Country;a483c8863fde16bddb93469853fca0cb47af783804d50cf603ec86818bf4df;user
U097;Miller22901;Faris H. Miller;User St. No.97, Imaginary Country;11007cb317793dbfb6742bfd9564ee61afc183093f65e8431f3d5468df1f4aa;user
U098;Zaccheus1049;Zaccheus P. Kennedy;User St. No.98, Imaginary Country;c786499042d6e9c2ab9416bfb2cee493c2119fe1cff8aed2b8bd6a5ce6658447;user
U099;Zaccheus16433;Zaccheus Walker;User St. No.99, Imaginary Country;5324194f19929d28ef71372e343e4d7b6016f250ba1c48fa261e3f42796ee7d9;user
U100;William20282;William Freeman;User St. No.100, Imaginary Country;238d8a86372c343d5fa3ec2bba170d482bc15de4495e4a1706ed02881ba8412;user
U101;user;Test User;Secret;680e8e89e12d4af0a31702c27c71e29d7ed30910ff58e940c0fb7676f0c1ef;user
